{
  "강남구": {
    "center": [
      127.06,
      37.5
    ]
  },
  "강동구": {
    "center": [
      127.135000768,
      37.547504463683
    ]
  },
  "강북구": {
    "center": [
      127.01985895225,
      37.646542897005
    ]
  },
  "강서구": {
    "center": [
      126.8282268948,
      37.560570745754
    ]
  },
  "관악구": {
    "center": [
      126.93920205178,
      37.471077623795
    ]
  },
  "광진구": {
    "center": [
      127.08514591933,
      37.544037273417
    ]
  },
  "구로구": {
    "center": [
      126.887536,
      37.495472
    ]
  },
  "금천구": {
    "center": [
      126.8955105,
      37.4568644
    ]
  },
  "노원구": {
    "center": [
      127.076473,
      37.65435
    ]
  },
  "도봉구": {
    "center": [
      127.047163,
      37.668768
    ]
  },
  "동대문구": {
    "center": [
      127.03965,
      37.574524
    ]
  },
  "동작구": {
    "center": [
      126.9395,
      37.51245
    ]
  },
  "마포구": {
    "center": [
      126.901491,
      37.5663245
    ]
  },
  "서대문구": {
    "center": [
      126.9368,
      37.579225
    ]
  },
  "서초구": {
    "center": [
      127.032598,
      37.483569
    ]
  },
  "성동구": {
    "center": [
      127.036821,
      37.563456
    ]
  },
  "성북구": {
    "center": [
      127.016749,
      37.6094
    ]
  },
  "송파구": {
    "center": [
      127.1059186,
      37.5145636
    ]
  },
  "양천구": {
    "center": [
      126.866642,
      37.517016
    ]
  },
  "영등포구": {
    "center": [
      126.896004,
      37.526436
    ]
  },
  "용산구": {
    "center": [
      126.99049,
      37.532527
    ]
  },
  "은평구": {
    "center": [
      126.929164,
      37.622784
    ]
  },
  "종로구": {
    "center": [
      126.976004,
      37.596436
    ]
  },
  "중구": {
    "center": [
      126.997602,
      37.543843
    ]
  },
  "중랑구": {
    "center": [
      127.0925842,
      37.6063242
    ]
  }
}